trade_date,due_date,open_price,min_price,close_price,final_price,-,buy_due_date,buy_price,-,sell_due_date,sell_price,-,all_deals_due_date,all_deals_buy_price,deals_total_value,net_gain,-,total_net_gain,cash,total,-,deal_min_price,period_min_price,diff_deal_period_min_price
1998-08-19,0,"","","","","",1998-12-01,7405,"","","","","","","","","","",12595,20000,"","","",""
1998-08-19,1998-09-01,7269,7260,7285,7285,"","","","","","","","","","","","","","","","","","",""
1998-08-19,1998-10-01,7301,7301,7301,7301,"","","","","","","","","","","","","","","","","","",""
1998-11-18,1,"","","","","","","","",1998-12-01,7140,"","","","",-265,"",-265,12585,19735,"","","",""
1998-08-19,1998-12-01,7405,7405,7405,7405,"","","","","","","","","","","","","","","","","","",""
1998-11-18,1998-11-01,7195,7052,7110,7110,"","","","","","","","","","","","","","","","","","",""
1998-08-19,1999-03-01,7449,7449,7598,7598,"","","","","","","","","","","","","","","","","","",""
1998-08-19,1999-06-01,7654,7654,7654,7654,"","","","","","","","","","","","","","","","","","",""
1998-11-18,1999-06-01,7175,7175,7175,7175,"","","","","","","","","","","","","","","","","","",""
1998-11-18,1998-12-01,7200,7130,7140,7140,"","","","","","","","","","","","","","","","","","",""
1998-11-18,0,"","","","","",1999-03-01,7150,"","","","","","","","","","",5445,20000,"","","",""
1998-11-18,1999-03-01,7150,7110,7160,7160,"","","","","","","","","","","","","","","","","","",""
1998-11-18,1999-09-01,7070,7070,7070,7070,"","","","","","","","","","","","","","","","","","",""
1999-02-17,1999-02-01,5980,5950,6140,6140,"","","","","","","","","","","","","","","","","","",""
1999-02-17,1999-03-01,6095,6031,6218,6218,"","","","","","","","","","","","","","","","","","",""
1999-05-19,1999-05-01,7620,7554,7609,7609,"","","","","","","","","","","","","","","","","","",""
1999-02-17,1999-06-01,6006,6006,6220,6220,"","","","","","","","","","","","","","","","","","",""
1999-02-17,1999-09-01,6249,6249,6249,6249,"","","","","","","","","","","","","","","","","","",""
1999-08-18,1999-08-01,8196,7980,8000,8000,"","","","","","","","","","","","","","","","","","",""
1999-02-17,1999-12-01,6221,6221,6221,6221,"","","","","","","","","","","","","","","","","","",""
1999-05-19,1999-06-01,7644,7576,7624,7624,"","","","","","","","","","","","","","","","","","",""
1999-02-17,0,"","","","","",1999-06-01,6006,"","","","","","","","","","",6579,19735,"","","",""
1999-02-17,1,"","","","","","","","",1999-03-01,6218,"","","","",-932,"",-1197,12797,18803,"","","",""
1999-05-19,2000-03-01,7690,7690,7690,7690,"","","","","","","","","","","","","","","","","","",""
1999-05-19,1999-09-01,7655,7580,7636,7636,"","","","","","","","","","","","","","","","","","",""
1999-05-19,1,"","","","","","","","",1999-06-01,7624,"","","","",1618,"",421,12766,20421,"","","",""
1999-05-19,1999-12-01,7586,7586,7658,7659,"","","","","","","","","","","","","","","","","","",""
1999-05-19,0,"","","","","",1999-09-01,7655,"","","","","","","","","","",5142,18803,"","","",""
1999-08-18,1999-09-01,8250,8058,8060,8060,"","","","","","","","","","","","","","","","","","",""
1999-08-18,1999-12-01,8240,8080,8080,8080,"","","","","","","","","","","","","","","","","","",""
2006-11-15,2007-09-01,7040,7038,7042,7042,"","","","","","","","","","","","","","","","","","",""
1999-11-17,1999-12-01,7700,7665,7700,7700,"","","","","","","","","","","","","","","","","","",""
1999-08-18,2000-03-01,8150,8051,8051,8051,"","","","","","","","","","","","","","","","","","",""
1999-08-18,2000-06-01,8050,8050,8050,8050,"","","","","","","","","","","","","","","","","","",""
2000-02-16,2000-03-01,10090,10070,10140,10140,"","","","","","","","","","","","","","","","","","",""
1999-08-18,0,"","","","","",1999-12-01,8240,"","","","","","","","","","",4526,20421,"","","",""
1999-11-17,2000-03-01,7730,7711,7750,7750,"","","","","","","","","","","","","","","","","","",""
1999-08-18,1,"","","","","","","","",1999-09-01,8060,"","","","",405,"",826,12586,20826,"","","",""
1999-11-17,1999-11-01,7659,7635,7669,7669,"","","","","","","","","","","","","","","","","","",""
1999-11-17,0,"","","","","",2000-03-01,7730,"","","","","","","","","","",4856,20826,"","","",""
1999-11-17,2000-06-01,7791,7715,7748,7748,"","","","","","","","","","","","","","","","","","",""
2000-02-16,2000-02-01,9999,9999,10090,10090,"","","","","","","","","","","","","","","","","","",""
1999-11-17,2000-09-01,7804,7804,7804,7804,"","","","","","","","","","","","","","","","","","",""
1999-11-17,1,"","","","","","","","",1999-12-01,7700,"","","","",-540,"",286,12556,20286,"","","",""
2000-02-16,2000-06-01,10234,10234,10240,10262,"","","","","","","","","","","","","","","","","","",""
2000-02-16,2000-09-01,10154,10154,10154,10154,"","","","","","","","","","","","","","","","","","",""
2000-05-17,2000-09-01,9200,9200,9260,9296,"","","","","","","","","","","","","","","","","","",""
2000-02-16,2000-12-01,10451,10451,10451,10451,"","","","","","","","","","","","","","","","","","",""
2000-02-16,0,"","","","","",2000-06-01,10234,"","","","","","","","","","",2322,20286,"","","",""
2000-08-16,2000-12-01,8040,8040,8103,8175,"","","","","","","","","","","","","","","","","","",""
2000-02-16,1,"","","","","","","","",2000-03-01,10140,"","","","",2410,"",2696,12462,22696,"","","",""
2000-05-17,2000-12-01,9404,9404,9404,9404,"","","","","","","","","","","","","","","","","","",""
2000-05-17,2000-05-01,8850,8850,9090,9090,"","","","","","","","","","","","","","","","","","",""
2000-05-17,2000-06-01,8899,8890,9100,9100,"","","","","","","","","","","","","","","","","","",""
2000-05-17,1,"","","","","","","","",2000-06-01,9100,"","","","",-1134,"",1562,12362,21562,"","","",""
2000-05-17,2001-03-01,9101,9101,9400,9400,"","","","","","","","","","","","","","","","","","",""
2000-08-16,2000-09-01,7900,7900,8086,8086,"","","","","","","","","","","","","","","","","","",""
2000-05-17,0,"","","","","",2000-09-01,9200,"","","","","","","","","","",3262,22696,"","","",""
2000-08-16,2000-08-01,7896,7896,8020,8020,"","","","","","","","","","","","","","","","","","",""
2000-08-16,2001-03-01,8250,8250,8250,8185,"","","","","","","","","","","","","","","","","","",""
2000-08-16,2001-06-01,8299,8299,8299,8299,"","","","","","","","","","","","","","","","","","",""
2000-11-15,2001-06-01,6018,6018,6018,6018,"","","","","","","","","","","","","","","","","","",""
2000-08-16,0,"","","","","",2000-12-01,8040,"","","","","","","","","","",4322,21562,"","","",""
2000-08-16,1,"","","","","","","","",2000-09-01,8086,"","","","",-1114,"",448,12408,20448,"","","",""
2001-02-21,2001-09-01,5907,5907,5907,5907,"","","","","","","","","","","","","","","","","","",""
2000-11-15,2000-11-01,6043,5772,5830,5830,"","","","","","","","","","","","","","","","","","",""
2000-11-15,2001-09-01,6149,6149,6149,6149,"","","","","","","","","","","","","","","","","","",""
2000-11-15,2000-12-01,6045,5731,5731,5731,"","","","","","","","","","","","","","","","","","",""
2000-11-15,2001-03-01,6003,5790,5790,5790,"","","","","","","","","","","","","","","","","","",""
2001-02-21,2001-02-01,5885,5851,5981,5981,"","","","","","","","","","","","","","","","","","",""
2000-11-15,0,"","","","","",2001-03-01,6003,"","","","","","","","","","",6405,20448,"","","",""
2001-02-21,2001-06-01,5957,5957,5957,5957,"","","","","","","","","","","","","","","","","","",""
2000-11-15,1,"","","","","","","","",2000-12-01,5731,"","","","",-2309,"",-1861,12136,18139,"","","",""
2001-02-21,2001-03-01,5855,5825,5940,5940,"","","","","","","","","","","","","","","","","","",""
2001-02-21,2001-12-01,6118,6118,6118,6118,"","","","","","","","","","","","","","","","","","",""
2001-02-21,0,"","","","","",2001-06-01,5957,"","","","","","","","","","",6179,18139,"","","",""
2006-11-15,2007-06-01,7243,7225,7225,7225,"","","","","","","","","","","","","","","","","","",""
2001-05-16,2002-03-01,5095,5095,5095,5095,"","","","","","","","","","","","","","","","","","",""
2001-02-21,1,"","","","","","","","",2001-03-01,5940,"","","","",-63,"",-1924,12119,18076,"","","",""
2001-05-16,2001-05-01,5155,5080,5080,5080,"","","","","","","","","","","","","","","","","","",""
2001-08-15,2002-06-01,4551,4551,4551,4551,"","","","","","","","","","","","","","","","","","",""
2001-05-16,2001-06-01,5170,5070,5070,5070,"","","","","","","","","","","","","","","","","","",""
2001-05-16,0,"","","","","",2001-09-01,5151,"","","","","","","","","","",6968,18076,"","","",""
2001-05-16,2001-09-01,5151,5115,5115,5115,"","","","","","","","","","","","","","","","","","",""
2001-05-16,2001-12-01,5236,5236,5236,5236,"","","","","","","","","","","","","","","","","","",""
2001-08-15,2001-09-01,4610,4578,4600,4600,"","","","","","","","","","","","","","","","","","",""
2001-05-16,1,"","","","","","","","",2001-06-01,5070,"","","","",-887,"",-2811,12038,17189,"","","",""
2001-08-15,2002-03-01,4585,4585,4585,4585,"","","","","","","","","","","","","","","","","","",""
2001-08-15,2001-08-01,4639,4582,4620,4620,"","","","","","","","","","","","","","","","","","",""
2001-08-15,2001-12-01,4620,4620,4620,4583,"","","","","","","","","","","","","","","","","","",""
2001-08-15,0,"","","","","",2001-12-01,4620,"","","","","","","","","","",7418,17189,"","","",""
2001-08-15,1,"","","","","","","","",2001-09-01,4600,"","","","",-551,"",-3362,12018,16638,"","","",""
2001-11-21,0,"","","","","",2002-03-01,4450,"","","","","","","","","","",7568,16638,"","","",""
2001-11-21,2001-11-01,4444,4405,4560,4560,"","","","","","","","","","","","","","","","","","",""
2001-11-21,2001-12-01,4409,4389,4520,4520,"","","","","","","","","","","","","","","","","","",""
2002-02-20,0,"","","","","",2002-06-01,5751,"","","","","","","","","","",6337,16538,"","","",""
2001-11-21,2002-03-01,4450,4450,4450,4450,"","","","","","","","","","","","","","","","","","",""
2001-11-21,1,"","","","","","","","",2001-12-01,4520,"","","","",-100,"",-3462,12088,16538,"","","",""
2001-11-21,2002-06-01,4351,4351,4580,4580,"","","","","","","","","","","","","","","","","","",""
2001-11-21,2002-09-01,4650,4650,4650,4650,"","","","","","","","","","","","","","","","","","",""
2002-02-20,2002-06-01,5751,5606,5606,5606,"","","","","","","","","","","","","","","","","","",""
2002-02-20,2002-02-01,5798,5679,5685,5685,"","","","","","","","","","","","","","","","","","",""
2002-02-20,2002-12-01,5739,5702,5721,5686,"","","","","","","","","","","","","","","","","","",""
2002-02-20,2002-03-01,5790,5636,5666,5666,"","","","","","","","","","","","","","","","","","",""
2002-02-20,2002-09-01,5751,5721,5721,5691,"","","","","","","","","","","","","","","","","","",""
2002-02-20,1,"","","","","","","","",2002-03-01,5666,"","","","",1216,"",-2246,12003,17754,"","","",""
2002-05-15,2002-05-01,5820,5810,5891,5891,"","","","","","","","","","","","","","","","","","",""
2002-05-15,1,"","","","","","","","",2002-06-01,5893,"","","","",142,"",-2104,11966,17896,"","","",""
2002-05-15,2002-06-01,5829,5822,5893,5893,"","","","","","","","","","","","","","","","","","",""
2002-05-15,2002-09-01,5930,5930,5930,5900,"","","","","","","","","","","","","","","","","","",""
2002-08-21,1,"","","","","","","","",2002-09-01,4857,"","","","",-1073,"",-3177,11973,16823,"","","",""
2002-05-15,2002-12-01,5870,5860,5865,5808,"","","","","","","","","","","","","","","","","","",""
2002-08-21,2002-08-01,4873,4842,4894,4894,"","","","","","","","","","","","","","","","","","",""
2002-05-15,2003-03-01,5924,5924,5924,5925,"","","","","","","","","","","","","","","","","","",""
2002-05-15,0,"","","","","",2002-09-01,5930,"","","","","","","","","","",6073,17754,"","","",""
2002-08-21,2003-03-01,4850,4850,4850,4855,"","","","","","","","","","","","","","","","","","",""
2002-08-21,2002-09-01,4850,4825,4857,4857,"","","","","","","","","","","","","","","","","","",""
2002-08-21,0,"","","","","",2002-12-01,4850,"","","","","","","","","","",7116,17896,"","","",""
2002-08-21,2002-12-01,4850,4820,4820,4820,"","","","","","","","","","","","","","","","","","",""
2002-08-21,2003-06-01,4890,4890,4890,4890,"","","","","","","","","","","","","","","","","","",""
2002-11-20,2002-11-01,4711,4640,4661,4661,"","","","","","","","","","","","","","","","","","",""
2002-11-20,2002-12-01,4725,4650,4675,4675,"","","","","","","","","","","","","","","","","","",""
2006-11-15,2007-03-01,7211,7211,7231,7231,"","","","","","","","","","","","","","","","","","",""
2003-02-19,2003-02-01,4680,4541,4545,4545,"","","","","","","","","","","","","","","","","","",""
2002-11-20,2003-03-01,4681,4643,4643,4631,"","","","","","","","","","","","","","","","","","",""
2002-11-20,2003-06-01,4657,4657,4667,4671,"","","","","","","","","","","","","","","","","","",""
2003-05-21,2003-05-01,4231,4213,4240,4240,"","","","","","","","","","","","","","","","","","",""
2002-11-20,2003-09-01,4638,4638,4638,4638,"","","","","","","","","","","","","","","","","","",""
2003-02-19,2003-03-01,4668,4525,4531,4531,"","","","","","","","","","","","","","","","","","",""
2002-11-20,0,"","","","","",2003-03-01,4681,"","","","","","","","","","",7292,16823,"","","",""
2002-11-20,1,"","","","","","","","",2002-12-01,4675,"","","","",-175,"",-3352,11967,16648,"","","",""
2003-02-19,2003-12-01,4606,4606,4606,4606,"","","","","","","","","","","","","","","","","","",""
2003-02-19,2003-06-01,4600,4530,4530,4530,"","","","","","","","","","","","","","","","","","",""
2003-02-19,1,"","","","","","","","",2003-03-01,4531,"","","","",-150,"",-3502,11898,16498,"","","",""
2003-02-19,2003-09-01,4640,4640,4640,4640,"","","","","","","","","","","","","","","","","","",""
2003-02-19,0,"","","","","",2003-06-01,4600,"","","","","","","","","","",7367,16648,"","","",""
2003-05-21,2003-06-01,4196,4170,4192,4192,"","","","","","","","","","","","","","","","","","",""
2003-05-21,2003-09-01,4195,4174,4181,4210,"","","","","","","","","","","","","","","","","","",""
2003-08-20,2003-09-01,5559,5523,5523,5523,"","","","","","","","","","","","","","","","","","",""
2003-05-21,2003-12-01,4200,4195,4195,4195,"","","","","","","","","","","","","","","","","","",""
2003-05-21,2004-03-01,4212,4212,4212,4212,"","","","","","","","","","","","","","","","","","",""
2003-11-19,2003-12-01,5912,5852,5886,5886,"","","","","","","","","","","","","","","","","","",""
2003-05-21,0,"","","","","",2003-09-01,4195,"","","","","","","","","","",7703,16498,"","","",""
2003-08-20,2003-12-01,5550,5520,5520,5520,"","","","","","","","","","","","","","","","","","",""
2003-05-21,1,"","","","","","","","",2003-06-01,4192,"","","","",-408,"",-3910,11895,16090,"","","",""
2003-08-20,2003-08-01,5543,5520,5520,5520,"","","","","","","","","","","","","","","","","","",""
2003-08-20,0,"","","","","",2003-12-01,5550,"","","","","","","","","","",6345,16090,"","","",""
2003-08-20,2004-03-01,5520,5520,5520,5520,"","","","","","","","","","","","","","","","","","",""
2003-11-19,2003-11-01,5900,5841,5865,5865,"","","","","","","","","","","","","","","","","","",""
2003-08-20,2004-06-01,5524,5524,5524,5524,"","","","","","","","","","","","","","","","","","",""
2003-08-20,1,"","","","","","","","",2003-09-01,5523,"","","","",1328,"",-2582,11868,17418,"","","",""
2003-11-19,2004-03-01,5900,5860,5890,5860,"","","","","","","","","","","","","","","","","","",""
2003-11-19,2004-06-01,5905,5864,5864,5864,"","","","","","","","","","","","","","","","","","",""
2004-02-18,2004-06-01,6675,6621,6645,6641,"","","","","","","","","","","","","","","","","","",""
2003-11-19,2004-09-01,5900,5900,5900,5939,"","","","","","","","","","","","","","","","","","",""
2003-11-19,0,"","","","","",2004-03-01,5900,"","","","","","","","","","",5968,17418,"","","",""
2004-05-19,2004-09-01,5480,5480,5804,5804,"","","","","","","","","","","","","","","","","","",""
2003-11-19,1,"","","","","","","","",2003-12-01,5886,"","","","",336,"",-2246,11854,17754,"","","",""
2004-02-18,2004-09-01,6710,6627,6638,6658,"","","","","","","","","","","","","","","","","","",""
2004-02-18,2004-02-01,6618,6590,6615,6615,"","","","","","","","","","","","","","","","","","",""
2004-02-18,2004-03-01,6639,6601,6635,6635,"","","","","","","","","","","","","","","","","","",""
2004-02-18,1,"","","","","","","","",2004-03-01,6635,"","","","",735,"",-1511,11814,18489,"","","",""
2004-02-18,2004-12-01,6714,6618,6618,6661,"","","","","","","","","","","","","","","","","","",""
2004-05-19,2004-06-01,5533,5526,5831,5831,"","","","","","","","","","","","","","","","","","",""
2004-02-18,0,"","","","","",2004-06-01,6675,"","","","","","","","","","",5179,17754,"","","",""
2004-05-19,2004-05-01,5592,5560,5891,5891,"","","","","","","","","","","","","","","","","","",""
2004-05-19,2004-12-01,5680,5680,5750,5752,"","","","","","","","","","","","","","","","","","",""
2004-05-19,2005-03-01,5740,5740,5750,5787,"","","","","","","","","","","","","","","","","","",""
2006-11-15,2006-12-01,7245,7206,7234,7234,"","","","","","","","","","","","","","","","","","",""
2004-08-18,2005-03-01,5230,5230,5360,5360,"","","","","","","","","","","","","","","","","","",""
2004-05-19,0,"","","","","",2004-09-01,5480,"","","","","","","","","","",6334,18489,"","","",""
2004-05-19,1,"","","","","","","","",2004-06-01,5831,"","","","",-844,"",-2355,12165,17645,"","","",""
2004-11-17,2005-06-01,5950,5950,6045,6045,"","","","","","","","","","","","","","","","","","",""
2004-08-18,2004-08-01,5328,5295,5423,5423,"","","","","","","","","","","","","","","","","","",""
2004-08-18,2005-06-01,5230,5200,5241,5274,"","","","","","","","","","","","","","","","","","",""
2004-08-18,2004-09-01,5303,5250,5380,5380,"","","","","","","","","","","","","","","","","","",""
2004-08-18,2004-12-01,5231,5216,5330,5327,"","","","","","","","","","","","","","","","","","",""
2004-11-17,2004-11-01,5900,5898,6040,6040,"","","","","","","","","","","","","","","","","","",""
2004-08-18,0,"","","","","",2004-12-01,5231,"","","","","","","","","","",6934,17645,"","","",""
2004-11-17,2005-03-01,5925,5925,6060,6060,"","","","","","","","","","","","","","","","","","",""
2004-08-18,1,"","","","","","","","",2004-09-01,5380,"","","","",-100,"",-2455,12314,17545,"","","",""
2004-11-17,2004-12-01,5955,5924,6063,6063,"","","","","","","","","","","","","","","","","","",""
2004-11-17,2005-09-01,5918,5918,6010,6010,"","","","","","","","","","","","","","","","","","",""
2004-11-17,0,"","","","","",2005-03-01,5925,"","","","","","","","","","",6389,17545,"","","",""
2005-02-16,2005-12-01,6055,5971,5973,5973,"","","","","","","","","","","","","","","","","","",""
2004-11-17,1,"","","","","","","","",2004-12-01,6063,"","","","",832,"",-1623,12452,18377,"","","",""
2005-02-16,2005-02-01,6140,6042,6128,6128,"","","","","","","","","","","","","","","","","","",""
2005-05-18,2006-03-01,5700,5700,5700,5718,"","","","","","","","","","","","","","","","","","",""
2005-02-16,2005-03-01,6150,6075,6128,6128,"","","","","","","","","","","","","","","","","","",""
2005-02-16,0,"","","","","",2005-06-01,6120,"","","","","","","","","","",6332,18377,"","","",""
2005-02-16,2005-06-01,6120,6072,6125,6125,"","","","","","","","","","","","","","","","","","",""
2005-02-16,2005-09-01,6068,6025,6067,6067,"","","","","","","","","","","","","","","","","","",""
2005-05-18,2005-06-01,5875,5862,5870,5870,"","","","","","","","","","","","","","","","","","",""
2005-02-16,1,"","","","","","","","",2005-03-01,6128,"","","","",203,"",-1420,12460,18580,"","","",""
2005-05-18,2005-12-01,5717,5717,5718,5713,"","","","","","","","","","","","","","","","","","",""
2005-05-18,2005-05-01,5909,5880,5880,5880,"","","","","","","","","","","","","","","","","","",""
2005-05-18,2005-09-01,5697,5691,5708,5708,"","","","","","","","","","","","","","","","","","",""
2005-05-18,0,"","","","","",2005-09-01,5697,"","","","","","","","","","",6763,18580,"","","",""
2005-05-18,1,"","","","","","","","",2005-06-01,5870,"","","","",-250,"",-1670,12633,18330,"","","",""
2005-08-17,0,"","","","","",2005-12-01,6222,"","","","","","","","","","",6411,18330,"","","",""
2005-08-17,2005-08-01,6185,6185,6220,6220,"","","","","","","","","","","","","","","","","","",""
2005-08-17,2005-09-01,6190,6185,6218,6218,"","","","","","","","","","","","","","","","","","",""
2005-11-16,0,"","","","","",2006-03-01,6050,"","","","","","","","","","",6579,18851,"","","",""
2005-08-17,2005-12-01,6222,6202,6202,6202,"","","","","","","","","","","","","","","","","","",""
2005-08-17,1,"","","","","","","","",2005-09-01,6218,"","","","",521,"",-1149,12629,18851,"","","",""
2005-08-17,2006-03-01,6238,6226,6226,6212,"","","","","","","","","","","","","","","","","","",""
2005-08-17,2006-06-01,6215,6215,6215,6212,"","","","","","","","","","","","","","","","","","",""
2005-11-16,2006-03-01,6050,5990,6045,6045,"","","","","","","","","","","","","","","","","","",""
2005-11-16,2005-11-01,6025,5980,6039,6039,"","","","","","","","","","","","","","","","","","",""
2005-11-16,2006-09-01,5970,5970,5970,5965,"","","","","","","","","","","","","","","","","","",""
2005-11-16,2005-12-01,6032,5995,6050,6050,"","","","","","","","","","","","","","","","","","",""
2005-11-16,2006-06-01,6063,6015,6015,6053,"","","","","","","","","","","","","","","","","","",""
2005-11-16,1,"","","","","","","","",2005-12-01,6050,"","","","",-172,"",-1321,12629,18679,"","","",""
2006-02-15,2006-02-01,6600,6574,6590,6590,"","","","","","","","","","","","","","","","","","",""
2006-11-15,2006-11-01,7250,7216,7247,7247,"","","","","","","","","","","","","","","","","","",""
2006-02-15,1,"","","","","","","","",2006-03-01,6567,"","","","",517,"",-804,12587,19196,"","","",""
2006-02-15,2006-03-01,6630,6552,6567,6567,"","","","","","","","","","","","","","","","","","",""
2006-02-15,2006-06-01,6609,6550,6568,6568,"","","","","","","","","","","","","","","","","","",""
2006-05-17,1,"","","","","","","","",2006-06-01,7104,"","","","",495,"",-309,12791,19691,"","","",""
2006-02-15,2006-09-01,6450,6420,6425,6416,"","","","","","","","","","","","","","","","","","",""
2006-05-17,2006-05-01,7036,7035,7111,7111,"","","","","","","","","","","","","","","","","","",""
2006-02-15,2006-12-01,6420,6420,6420,6418,"","","","","","","","","","","","","","","","","","",""
2006-02-15,0,"","","","","",2006-06-01,6609,"","","","","","","","","","",6020,18679,"","","",""
2006-05-17,2006-12-01,6918,6917,6936,6948,"","","","","","","","","","","","","","","","","","",""
2006-05-17,2006-06-01,7021,7016,7104,7104,"","","","","","","","","","","","","","","","","","",""
2006-05-17,0,"","","","","",2006-09-01,6900,"","","","","","","","","","",5687,19196,"","","",""
2006-05-17,2006-09-01,6900,6888,6930,6930,"","","","","","","","","","","","","","","","","","",""
2006-05-17,2007-03-01,6967,6957,6964,6916,"","","","","","","","","","","","","","","","","","",""
2006-08-16,1,"","","","","","","","",2006-09-01,6671,"","","","",-229,"",-538,12824,19462,"","","",""
2006-08-16,2006-08-01,6659,6657,6692,6692,"","","","","","","","","","","","","","","","","","",""
2006-11-15,0,"","","","","",2007-03-01,7211,"","","","","","","","","","",5613,19462,"","","",""
2006-08-16,2006-09-01,6650,6636,6671,6671,"","","","","","","","","","","","","","","","","","",""
2007-02-21,2007-09-01,7720,7720,7746,7746,"","","","","","","","","","","","","","","","","","",""
2006-11-15,1,"","","","","","","","",2006-12-01,7234,"","","","",596,"",58,12847,20058,"","","",""
2006-08-16,2006-12-01,6638,6638,6675,6674,"","","","","","","","","","","","","","","","","","",""
2006-08-16,2007-03-01,6665,6650,6678,6670,"","","","","","","","","","","","","","","","","","",""
2007-02-21,2007-12-01,7718,7718,7752,7756,"","","","","","","","","","","","","","","","","","",""
2006-08-16,2007-06-01,6660,6660,6660,6665,"","","","","","","","","","","","","","","","","","",""
2007-02-21,2007-03-01,7952,7921,7933,7933,"","","","","","","","","","","","","","","","","","",""
2006-08-16,0,"","","","","",2006-12-01,6638,"","","","","","","","","","",6153,19691,"","","",""
2007-02-21,2007-06-01,7900,7900,7912,7921,"","","","","","","","","","","","","","","","","","",""
2007-02-21,2007-02-01,7901,7899,7899,7899,"","","","","","","","","","","","","","","","","","",""
2007-05-16,2007-06-01,7947,7940,7965,7965,"","","","","","","","","","","","","","","","","","",""
2007-02-21,0,"","","","","",2007-06-01,7900,"","","","","","","","","","",4947,20058,"","","",""
2007-02-21,1,"","","","","","","","",2007-03-01,7933,"","","","",722,"",780,12880,20780,"","","",""
2007-08-15,2007-09-01,8650,8430,8448,8448,"","","","","","","","","","","","","","","","","","",""
2007-05-16,2008-03-01,7840,7840,7840,7801,"","","","","","","","","","","","","","","","","","",""
2007-05-16,2007-05-01,7932,7932,7991,7991,"","","","","","","","","","","","","","","","","","",""
2007-05-16,2007-12-01,7768,7765,7783,7783,"","","","","","","","","","","","","","","","","","",""
2007-05-16,2007-09-01,7762,7755,7779,7779,"","","","","","","","","","","","","","","","","","",""
2007-08-15,2008-06-01,8675,8444,8444,8444,"","","","","","","","","","","","","","","","","","",""
2007-05-16,0,"","","","","",2007-09-01,7762,"","","","","","","","","","",5118,20780,"","","",""
2007-08-15,2007-12-01,8733,8457,8457,8457,"","","","","","","","","","","","","","","","","","",""
2007-05-16,1,"","","","","","","","",2007-06-01,7965,"","","","",65,"",845,13083,20845,"","","",""
2007-08-15,2008-03-01,8703,8461,8461,8461,"","","","","","","","","","","","","","","","","","",""
2007-08-15,2007-08-01,8710,8551,8570,8570,"","","","","","","","","","","","","","","","","","",""
2007-08-15,0,"","","","","",2007-12-01,8733,"","","","","","","","","","",4350,20845,"","","",""
2007-11-21,2007-11-01,8647,8424,8438,8436,"","","","","","","","","","","","","","","","","","",""
2007-08-15,1,"","","","","","","","",2007-09-01,8448,"","","","",686,"",1531,12798,21531,"","","",""
2007-11-21,2008-09-01,8488,8225,8230,8230,"","","","","","","","","","","","","","","","","","",""
2008-02-20,2008-02-01,7950,7824,7877,7877,"","","","","","","","","","","","","","","","","","",""
2007-11-21,2008-06-01,8580,8488,8488,8434,"","","","","","","","","","","","","","","","","","",""
2007-11-21,0,"","","","","",2008-03-01,8688,"","","","","","","","","","",4110,21531,"","","",""
2007-11-21,2008-03-01,8688,8407,8411,8411,"","","","","","","","","","","","","","","","","","",""
2007-11-21,2007-12-01,8638,8388,8415,8408,"","","","","","","","","","","","","","","","","","",""
2008-02-20,2008-09-01,7734,7580,7590,7590,"","","","","","","","","","","","","","","","","","",""
2007-11-21,1,"","","","","","","","",2007-12-01,8415,"","","","",-318,"",1213,12525,21213,"","","",""
2008-02-20,2008-03-01,7938,7789,7828,7829,"","","","","","","","","","","","","","","","","","",""
2008-02-20,2008-12-01,7736,7586,7586,7586,"","","","","","","","","","","","","","","","","","",""
2008-02-20,2008-06-01,7905,7794,7794,7794,"","","","","","","","","","","","","","","","","","",""
2008-02-20,0,"","","","","",2008-06-01,7905,"","","","","","","","","","",4620,21213,"","","",""
2008-02-20,1,"","","","","","","","",2008-03-01,7828,"","","","",-860,"",353,12448,20353,"","","",""
2008-05-21,0,"","","","","",2008-09-01,8787,"","","","","","","","","","",3661,20353,"","","",""
2008-05-21,2009-03-01,8763,8763,8763,8763,"","","","","","","","","","","","","","","","","","",""
2008-05-21,2008-12-01,8800,8760,8779,8779,"","","","","","","","","","","","","","","","","","",""
2008-08-20,0,"","","","","",2008-12-01,6848,"","","","","","","","","","",5803,21438,"","","",""
2008-05-21,2008-09-01,8787,8733,8756,8756,"","","","","","","","","","","","","","","","","","",""
2008-05-21,1,"","","","","","","","",2008-06-01,8990,"","","","",1085,"",1438,12651,21438,"","","",""
2008-05-21,2008-06-01,9029,8955,8990,8990,"","","","","","","","","","","","","","","","","","",""
2008-05-21,2008-05-01,9035,8959,8998,8999,"","","","","","","","","","","","","","","","","","",""
2008-08-20,2008-12-01,6848,6805,6950,6950,"","","","","","","","","","","","","","","","","","",""
2008-08-20,2009-06-01,6927,6916,6916,6927,"","","","","","","","","","","","","","","","","","",""
2008-08-20,2008-08-01,6904,6873,7041,7037,"","","","","","","","","","","","","","","","","","",""
2008-08-20,2009-03-01,6835,6803,6942,6942,"","","","","","","","","","","","","","","","","","",""
2008-08-20,2008-09-01,6891,6825,6979,6979,"","","","","","","","","","","","","","","","","","",""
2008-08-20,1,"","","","","","","","",2008-09-01,6979,"","","","",-1808,"",-370,12782,19630,"","","",""
2008-11-19,2009-09-01,3860,3849,3921,3921,"","","","","","","","","","","","","","","","","","",""
2008-11-19,1,"","","","","","","","",2008-12-01,4149,"","","","",-2699,"",-3069,12851,16931,"","","",""
2008-11-19,2009-06-01,3970,3970,4068,4068,"","","","","","","","","","","","","","","","","","",""
2008-11-19,2009-03-01,4080,4045,4106,4106,"","","","","","","","","","","","","","","","","","",""
2009-02-18,1,"","","","","","","","",2009-03-01,4426,"","","","",346,"",-2723,12976,17277,"","","",""
2008-11-19,2008-12-01,4111,4070,4149,4147,"","","","","","","","","","","","","","","","","","",""
2009-02-18,2009-12-01,4037,4035,4098,4098,"","","","","","","","","","","","","","","","","","",""
2008-11-19,2008-11-01,4238,4183,4261,4263,"","","","","","","","","","","","","","","","","","",""
2008-11-19,0,"","","","","",2009-03-01,4080,"","","","","","","","","","",8702,19630,"","","",""
2009-02-18,2009-03-01,4382,4353,4426,4424,"","","","","","","","","","","","","","","","","","",""
2009-02-18,2009-09-01,4098,4098,4130,4130,"","","","","","","","","","","","","","","","","","",""
2009-02-18,0,"","","","","",2009-06-01,4301,"","","","","","","","","","",8550,16931,"","","",""
2009-02-18,2009-06-01,4301,4300,4334,4334,"","","","","","","","","","","","","","","","","","",""
2009-02-18,2009-02-01,4455,4426,4517,0,"","","","","","","","","","","","","","","","","","",""
2009-05-20,2010-03-01,6328,6251,6325,6325,"","","","","","","","","","","","","","","","","","",""
2009-05-20,2009-12-01,6375,6288,6377,6375,"","","","","","","","","","","","","","","","","","",""
2009-08-19,2010-06-01,6648,6547,6547,6547,"","","","","","","","","","","","","","","","","","",""
2009-05-20,2009-09-01,6442,6351,6449,6449,"","","","","","","","","","","","","","","","","","",""
2009-05-20,2009-06-01,6685,6570,6668,6669,"","","","","","","","","","","","","","","","","","",""
2009-11-18,2010-09-01,7300,7300,7332,7332,"","","","","","","","","","","","","","","","","","",""
2009-05-20,2009-05-01,6710,6585,6697,0,"","","","","","","","","","","","","","","","","","",""
2009-08-19,2010-03-01,6686,6591,6591,6591,"","","","","","","","","","","","","","","","","","",""
2009-05-20,0,"","","","","",2009-09-01,6442,"","","","","","","","","","",6534,17277,"","","",""
2009-05-20,1,"","","","","","","","",2009-06-01,6668,"","","","",2367,"",-356,13202,19644,"","","",""
2009-08-19,2009-08-01,6824,6786,6795,0,"","","","","","","","","","","","","","","","","","",""
2009-08-19,2009-12-01,6734,6649,6649,6649,"","","","","","","","","","","","","","","","","","",""
2009-08-19,1,"","","","","","","","",2009-09-01,6690,"","","","",248,"",-108,13158,19892,"","","",""
2009-08-19,2009-09-01,6770,6690,6690,6692,"","","","","","","","","","","","","","","","","","",""
2009-08-19,0,"","","","","",2009-12-01,6734,"","","","","","","","","","",6468,19644,"","","",""
2009-11-18,2010-06-01,7596,7559,7583,7583,"","","","","","","","","","","","","","","","","","",""
2009-11-18,2010-03-01,7656,7633,7653,7653,"","","","","","","","","","","","","","","","","","",""
2010-02-17,2010-09-01,7220,7160,7164,7164,"","","","","","","","","","","","","","","","","","",""
2009-11-18,2009-12-01,7731,7708,7741,7739,"","","","","","","","","","","","","","","","","","",""
2009-11-18,2009-11-01,7788,7750,7787,0,"","","","","","","","","","","","","","","","","","",""
2010-05-19,2010-12-01,7201,7094,7173,7173,"","","","","","","","","","","","","","","","","","",""
2009-11-18,0,"","","","","",2010-03-01,7656,"","","","","","","","","","",5502,19892,"","","",""
2010-02-17,2010-06-01,7480,7430,7440,7440,"","","","","","","","","","","","","","","","","","",""
2009-11-18,1,"","","","","","","","",2009-12-01,7741,"","","","",1007,"",899,13243,20899,"","","",""
2010-02-17,2010-12-01,7043,7043,7092,7092,"","","","","","","","","","","","","","","","","","",""
2010-02-17,0,"","","","","",2010-06-01,7480,"","","","","","","","","","",5763,20899,"","","",""
2010-02-17,2010-03-01,7608,7517,7533,7534,"","","","","","","","","","","","","","","","","","",""
2010-05-19,2011-03-01,7075,7035,7108,7108,"","","","","","","","","","","","","","","","","","",""
2010-02-17,2010-02-01,7708,7553,7558,0,"","","","","","","","","","","","","","","","","","",""
2010-02-17,1,"","","","","","","","",2010-03-01,7533,"","","","",-123,"",776,13296,20776,"","","",""
2010-05-19,2010-09-01,7246,7162,7224,7224,"","","","","","","","","","","","","","","","","","",""
2010-05-19,2010-06-01,7496,7426,7484,7483,"","","","","","","","","","","","","","","","","","",""
2010-08-18,2010-12-01,7869,7788,7821,7821,"","","","","","","","","","","","","","","","","","",""
2010-05-19,2010-05-01,7518,7468,7576,0,"","","","","","","","","","","","","","","","","","",""
2010-05-19,0,"","","","","",2010-09-01,7246,"","","","","","","","","","",6050,20776,"","","",""
2010-11-17,2011-03-01,8171,8145,8208,8208,"","","","","","","","","","","","","","","","","","",""
2010-05-19,1,"","","","","","","","",2010-06-01,7484,"","","","",4,"",780,13534,20780,"","","",""
2010-08-18,2010-09-01,7937,7844,7878,7877,"","","","","","","","","","","","","","","","","","",""
2010-08-18,2011-06-01,7760,7653,7684,7684,"","","","","","","","","","","","","","","","","","",""
2010-08-18,2011-03-01,7810,7719,7753,7753,"","","","","","","","","","","","","","","","","","",""
2010-08-18,1,"","","","","","","","",2010-09-01,7878,"","","","",632,"",1412,13543,21412,"","","",""
2010-08-18,2010-08-01,7969,7900,7919,0,"","","","","","","","","","","","","","","","","","",""
2010-11-17,2011-06-01,8100,8069,8136,8136,"","","","","","","","","","","","","","","","","","",""
2010-08-18,0,"","","","","",2010-12-01,7869,"","","","","","","","","","",5665,20780,"","","",""
2010-11-17,2011-09-01,7762,7735,7787,7787,"","","","","","","","","","","","","","","","","","",""
2010-11-17,2010-12-01,8237,8210,8269,8268,"","","","","","","","","","","","","","","","","","",""
2010-11-17,2010-11-01,8246,8227,8246,0,"","","","","","","","","","","","","","","","","","",""
2011-02-16,2011-03-01,8687,8621,8624,8623,"","","","","","","","","","","","","","","","","","",""
2010-11-17,0,"","","","","",2011-03-01,8171,"","","","","","","","","","",5372,21412,"","","",""
2010-11-17,1,"","","","","","","","",2010-12-01,8269,"","","","",400,"",1812,13641,21812,"","","",""
2011-05-18,2011-06-01,8915,8887,8963,8960,"","","","","","","","","","","","","","","","","","",""
2011-02-16,2011-12-01,8215,8148,8148,8148,"","","","","","","","","","","","","","","","","","",""
2011-02-16,2011-02-01,8718,8695,8719,0,"","","","","","","","","","","","","","","","","","",""
2011-02-16,2011-09-01,8251,8202,8202,8202,"","","","","","","","","","","","","","","","","","",""
2011-02-16,2011-06-01,8586,8545,8545,8545,"","","","","","","","","","","","","","","","","","",""
2011-05-18,2012-03-01,8420,8397,8460,8460,"","","","","","","","","","","","","","","","","","",""
2011-02-16,0,"","","","","",2011-06-01,8586,"","","","","","","","","","",5055,21812,"","","",""
2011-05-18,2011-09-01,8543,8530,8600,8600,"","","","","","","","","","","","","","","","","","",""
2011-02-16,1,"","","","","","","","",2011-03-01,8624,"","","","",453,"",2265,13679,22265,"","","",""
2011-05-18,2011-12-01,8468,8463,8530,8530,"","","","","","","","","","","","","","","","","","",""
2011-05-18,2011-05-01,8915,8896,8933,0,"","","","","","","","","","","","","","","","","","",""
2011-05-18,0,"","","","","",2011-09-01,8543,"","","","","","","","","","",5136,22265,"","","",""
2011-08-17,2011-08-01,7758,7718,7753,0,"","","","","","","","","","","","","","","","","","",""
2011-05-18,1,"","","","","","","","",2011-06-01,8963,"","","","",377,"",2642,14099,22642,"","","",""
2011-08-17,2012-06-01,7513,7473,7477,7477,"","","","","","","","","","","","","","","","","","",""
2011-11-16,2011-11-01,7534,7384,7397,0,"","","","","","","","","","","","","","","","","","",""
2011-08-17,2012-03-01,7566,7520,7533,7532,"","","","","","","","","","","","","","","","","","",""
2011-08-17,0,"","","","","",2011-12-01,7621,"","","","","","","","","","",6478,22642,"","","",""
2011-08-17,2011-12-01,7621,7573,7587,7585,"","","","","","","","","","","","","","","","","","",""
2011-08-17,2011-09-01,7690,7631,7643,7645,"","","","","","","","","","","","","","","","","","",""
2011-11-16,2012-06-01,7436,7280,7280,7280,"","","","","","","","","","","","","","","","","","",""
2011-08-17,1,"","","","","","","","",2011-09-01,7643,"","","","",-900,"",1742,14121,21742,"","","",""
2011-11-16,2011-12-01,7517,7350,7350,7352,"","","","","","","","","","","","","","","","","","",""
2011-11-16,2012-09-01,7110,6951,6954,6952,"","","","","","","","","","","","","","","","","","",""
2011-11-16,2012-03-01,7491,7321,7321,7321,"","","","","","","","","","","","","","","","","","",""
2011-11-16,0,"","","","","",2012-03-01,7491,"","","","","","","","","","",6630,21742,"","","",""
2011-11-16,1,"","","","","","","","",2011-12-01,7350,"","","","",-271,"",1471,13980,21471,"","","",""
2012-02-15,0,"","","","","",2012-06-01,7875,"","","","","","","","","","",6105,21471,"","","",""
2012-02-15,2012-12-01,7538,7533,7645,7647,"","","","","","","","","","","","","","","","","","",""
2012-02-15,2012-09-01,7562,7561,7689,7689,"","","","","","","","","","","","","","","","","","",""
2012-05-16,0,"","","","","",2012-09-01,7100,"","","","","","","","","","",7021,21996,"","","",""
2012-02-15,2012-06-01,7875,7860,7990,7990,"","","","","","","","","","","","","","","","","","",""
2012-02-15,1,"","","","","","","","",2012-03-01,8016,"","","","",525,"",1996,14121,21996,"","","",""
2012-02-15,2012-03-01,7916,7887,8016,8012,"","","","","","","","","","","","","","","","","","",""
2012-02-15,2012-02-01,7924,7890,8006,0,"","","","","","","","","","","","","","","","","","",""
2012-05-16,2012-09-01,7100,6991,7005,7001,"","","","","","","","","","","","","","","","","","",""
2012-05-16,2013-03-01,7040,6960,6960,6960,"","","","","","","","","","","","","","","","","","",""
2012-05-16,2012-05-01,7356,7250,7255,0,"","","","","","","","","","","","","","","","","","",""
2012-05-16,2012-12-01,7080,6975,6976,6977,"","","","","","","","","","","","","","","","","","",""
2012-05-16,2012-06-01,7350,7231,7244,7246,"","","","","","","","","","","","","","","","","","",""
2012-05-16,1,"","","","","","","","",2012-06-01,7244,"","","","",-631,"",1365,14265,21365,"","","",""
2012-08-15,2013-06-01,7350,7320,7321,7321,"","","","","","","","","","","","","","","","","","",""
2012-08-15,1,"","","","","","","","",2012-09-01,7430,"","","","",330,"",1695,14288,21695,"","","",""
2012-08-15,2013-03-01,7402,7360,7360,7360,"","","","","","","","","","","","","","","","","","",""
2012-08-15,2012-12-01,7407,7392,7395,7395,"","","","","","","","","","","","","","","","","","",""
2012-11-21,1,"","","","","","","","",2012-12-01,7046,"","","","",-361,"",1334,14236,21334,"","","",""
2012-08-15,2012-09-01,7479,7428,7430,7430,"","","","","","","","","","","","","","","","","","",""
2012-11-21,2013-09-01,6822,6723,6740,6740,"","","","","","","","","","","","","","","","","","",""
2012-08-15,2012-08-01,7489,7433,7468,0,"","","","","","","","","","","","","","","","","","",""
2012-08-15,0,"","","","","",2012-12-01,7407,"","","","","","","","","","",6858,21365,"","","",""
2012-11-21,2012-12-01,7146,7020,7046,7048,"","","","","","","","","","","","","","","","","","",""
2012-11-21,2013-06-01,7049,6950,6971,6971,"","","","","","","","","","","","","","","","","","",""
2012-11-21,0,"","","","","",2013-03-01,7098,"","","","","","","","","","",7190,21695,"","","",""
2012-11-21,2013-03-01,7098,6987,6999,7003,"","","","","","","","","","","","","","","","","","",""
2012-11-21,2012-11-01,7176,7051,7084,0,"","","","","","","","","","","","","","","","","","",""
2013-02-20,2013-12-01,7691,7682,7710,7710,"","","","","","","","","","","","","","","","","","",""
2013-02-20,2013-09-01,7704,7704,7740,7740,"","","","","","","","","","","","","","","","","","",""
2013-05-15,2014-03-01,7989,7941,7988,7988,"","","","","","","","","","","","","","","","","","",""
2013-02-20,2013-06-01,7959,7957,7971,7971,"","","","","","","","","","","","","","","","","","",""
2013-02-20,2013-03-01,7991,7976,8010,8010,"","","","","","","","","","","","","","","","","","",""
2013-08-21,2014-06-01,7508,7508,7580,7580,"","","","","","","","","","","","","","","","","","",""
2013-02-20,2013-02-01,8008,7983,8023,0,"","","","","","","","","","","","","","","","","","",""
2013-05-15,2013-12-01,8022,7981,8025,8025,"","","","","","","","","","","","","","","","","","",""
2013-02-20,0,"","","","","",2013-06-01,7959,"","","","","","","","","","",6277,21334,"","","",""
2013-02-20,1,"","","","","","","","",2013-03-01,8010,"","","","",912,"",2246,14287,22246,"","","",""
2013-05-15,2013-05-01,8299,8260,8304,0,"","","","","","","","","","","","","","","","","","",""
2013-05-15,2013-09-01,8062,8028,8072,8070,"","","","","","","","","","","","","","","","","","",""
2013-05-15,1,"","","","","","","","",2013-06-01,8308,"","","","",349,"",2595,14533,22595,"","","",""
2013-05-15,2013-06-01,8307,8263,8308,8308,"","","","","","","","","","","","","","","","","","",""
2013-05-15,0,"","","","","",2013-09-01,8062,"","","","","","","","","","",6225,22246,"","","",""
2013-08-21,2014-03-01,7545,7545,7614,7614,"","","","","","","","","","","","","","","","","","",""
2013-08-21,2013-12-01,7560,7560,7648,7648,"","","","","","","","","","","","","","","","","","",""
2013-11-20,2014-06-01,8113,8106,8106,8106,"","","","","","","","","","","","","","","","","","",""
2013-08-21,2013-09-01,7653,7637,7700,7703,"","","","","","","","","","","","","","","","","","",""
2013-08-21,2013-08-01,7700,7695,7813,0,"","","","","","","","","","","","","","","","","","",""
2014-02-19,2014-09-01,8226,8220,8225,8225,"","","","","","","","","","","","","","","","","","",""
2013-08-21,0,"","","","","",2013-12-01,7560,"","","","","","","","","","",6973,22595,"","","",""
2013-11-20,2014-03-01,8165,8151,8158,8158,"","","","","","","","","","","","","","","","","","",""
2013-08-21,1,"","","","","","","","",2013-09-01,7700,"","","","",-362,"",2233,14673,22233,"","","",""
2013-11-20,2014-09-01,7850,7850,7853,7853,"","","","","","","","","","","","","","","","","","",""
2013-11-20,0,"","","","","",2014-03-01,8165,"","","","","","","","","","",6508,22233,"","","",""
2013-11-20,2013-12-01,8220,8202,8207,8207,"","","","","","","","","","","","","","","","","","",""
2014-02-19,2014-12-01,8175,8175,8186,8186,"","","","","","","","","","","","","","","","","","",""
2013-11-20,2013-11-01,8230,8216,8219,0,"","","","","","","","","","","","","","","","","","",""
2013-11-20,1,"","","","","","","","",2013-12-01,8207,"","","","",647,"",2880,14715,22880,"","","",""
2014-02-19,2014-06-01,8488,8483,8500,8500,"","","","","","","","","","","","","","","","","","",""
2014-02-19,2014-03-01,8532,8530,8547,8546,"","","","","","","","","","","","","","","","","","",""
2014-05-21,2014-09-01,8570,8529,8540,8537,"","","","","","","","","","","","","","","","","","",""
2014-02-19,2014-02-01,8535,8535,8557,0,"","","","","","","","","","","","","","","","","","",""
2014-02-19,0,"","","","","",2014-06-01,8488,"","","","","","","","","","",6227,22880,"","","",""
2014-08-20,2014-12-01,9199,9195,9228,9229,"","","","","","","","","","","","","","","","","","",""
2014-02-19,1,"","","","","","","","",2014-03-01,8547,"","","","",382,"",3262,14774,23262,"","","",""
2014-05-21,2014-06-01,8878,8837,8843,8843,"","","","","","","","","","","","","","","","","","",""
2014-05-21,2015-03-01,8483,8436,8436,8436,"","","","","","","","","","","","","","","","","","",""
2014-05-21,2014-12-01,8520,8486,8490,8490,"","","","","","","","","","","","","","","","","","",""
2014-05-21,1,"","","","","","","","",2014-06-01,8843,"","","","",355,"",3617,15047,23617,"","","",""
2014-05-21,2014-05-01,8892,8850,8860,0,"","","","","","","","","","","","","","","","","","",""
2014-08-20,2015-03-01,9188,9161,9191,9192,"","","","","","","","","","","","","","","","","","",""
2014-05-21,0,"","","","","",2014-09-01,8570,"","","","","","","","","","",6204,23262,"","","",""
2014-08-20,2015-06-01,9147,9144,9160,9162,"","","","","","","","","","","","","","","","","","",""
2014-08-20,2014-09-01,9231,9222,9259,9258,"","","","","","","","","","","","","","","","","","",""
2014-08-20,2014-08-01,9253,9244,9275,0,"","","","","","","","","","","","","","","","","","",""
2014-11-19,2014-12-01,8921,8890,8991,8992,"","","","","","","","","","","","","","","","","","",""
2014-08-20,0,"","","","","",2014-12-01,9199,"","","","","","","","","","",5848,23617,"","","",""
2014-08-20,1,"","","","","","","","",2014-09-01,9259,"","","","",689,"",4306,15107,24306,"","","",""
2014-11-19,2015-09-01,8601,8601,8690,8690,"","","","","","","","","","","","","","","","","","",""
2014-11-19,2014-11-01,8905,8877,8953,0,"","","","","","","","","","","","","","","","","","",""
2014-11-19,2015-06-01,8875,8860,8953,8953,"","","","","","","","","","","","","","","","","","",""
2014-11-19,2015-03-01,8889,8875,8973,8972,"","","","","","","","","","","","","","","","","","",""
2014-11-19,0,"","","","","",2015-03-01,8889,"","","","","","","","","","",6218,24306,"","","",""
2014-11-19,1,"","","","","","","","",2014-12-01,8991,"","","","",-208,"",4098,15209,24098,"","","",""
